Beta,168,58.7,Unnamed: 3
V0_max,12.2,,
V_0min,-1.6,,
V_p-p,1.44,7.4,V
V_in,0.0792,0.44,V
Av,18.18181818181818,16.81818181818182,
